,Article Title,One_Sentence_Summary,Full_Summary,Topic,URL
0,Government forces seize strategic town and oil fields in northeastern Syria | AP News,Government forces in Syria captured a strategic town and oil fields[COMMA] escalating tensions with Kurdish-led forces[COMMA] as the U.S.-backed Kurdish forces withdrew from contested areas.,Government forces in Syria have seized a strategic town and oil fields[COMMA] part of an ongoing push against Kurdish-led forces east of the Euphrates River. This move follows earlier tensions between Damascus and the U.S.-backed Kurdish-led Syrian Democratic Forces (SDF)[COMMA] resulting in deadly clashes. The town of Tabqa[COMMA] in Raqqa province[COMMA] is crucial due to a dam controlling the flow of oil into areas under Kurdish control. Residents welcomed the Syrian troops[COMMA] waving the national flag. The SDF has controlled large parts of northeastern Syria[COMMA] including oil fields[COMMA] and has been a key U.S. ally against extremist groups. President Ahmad al-Sharaa has struggled to assert control over the country and appeal to minorities skeptical of the Islamist-led rule. The U.S. has developed strong ties with Damascus[COMMA] aiming to ease tensions. The Syrian government accused the SDF of executing prisoners in Tabqa[COMMA] while the SDF denied these allegations. The situation in eastern Aleppo remains tense[COMMA] with government forces closing off a contested area. The SDF has accused government forces of firing at the prison[COMMA] with no bodies seen.,World News,https://apnews.com/article/syria-sdf-kurds-tabaqa-hts-clashes-raqqa-3014df2335a2fa9cb8ba160555ef2bb5
1,"Sen. Thom Tillis takes on the White House, but not Trump | AP News",Sen. Thom Tillis[COMMA] a two-term Republican from North Carolina[COMMA] is actively criticizing President Donald Trump's top aides[COMMA] particularly Stephen Miller[COMMA] during his final year in Washington[COMMA] expressing frustration over their handling of various issues[COMMA] including Greenland and the Justice Department,Sen. Thom Tillis[COMMA] a two-term Republican from North Carolina[COMMA] has been vocal during his final year in Washington[COMMA] expressing dissatisfaction with President Donald Trump's advisers[COMMA] particularly in relation to Greenland. He criticized Trump's potential military takeover of Greenland[COMMA] the tariffs imposed on eight European nations[COMMA] and the Justice Department's investigation into Federal Reserve Chairman Jerome Powell. Tillis[COMMA] along with Alaska Sen. Lisa Murkowski[COMMA] was part of a congressional delegation to Denmark[COMMA] while Trump continues to assert U.S. control over Greenland. He also expressed frustration with Trump's top aides[COMMA] notably deputy White House chief of staff Stephen Miller. Tillis's approach reflects a sense of freedom among lawmakers nearing retirement[COMMA] often leading to candid statements on current events. Despite his criticisms[COMMA] Tillis remains supportive of Trump[COMMA] emphasizing the need for the president to receive good advice. His balancing act on Jan. 6[COMMA] 2021[COMMA] involved supporting the defense of the Capitol while criticizing Democrats for defunding the police.,Politics,https://apnews.com/article/tillis-senate-trump-greenland-powell-miller-fd1a1123b1998b2a8be45e0fb9da52d5
2,Rev. Martin Luther King Jr.'s daughter calls holiday a saving grace | AP News,"The Rev. Bernice King[COMMA] daughter of Dr. Martin Luther King Jr.[COMMA] said the holiday honoring his legacy provides ""a sense of sanity and morality"" amidst political division[COMMA] emphasizing the importance of nonviolence and addressing injustice.","The article discusses the significance of Martin Luther King Jr.'s holiday in the current climate of political division and social upheaval. Bernice King[COMMA] the daughter of Martin Luther King Jr.[COMMA] views the holiday as a ""saving grace"" in a troubling time[COMMA] emphasizing hope and the fight against injustice and inhumanity. President Donald Trump is about to mark the first anniversary of his second term[COMMA] and Bernice King highlights the ""three evils"" of poverty[COMMA] racism[COMMA] and militarism that King identified as threats to democracy. She points to efforts to roll back diversity[COMMA] equity[COMMA] and inclusion initiatives[COMMA] and the removal of key historical information from government websites and Smithsonian museums. Despite these challenges[COMMA] King believes her father's teachings and nonviolent philosophy remain relevant and applicable today.[NEW_LINE][NEW_LINE]The article also mentions the efforts of the Leadership Conference on Civil and Human Rights to combat these threats[COMMA] noting that Bernice King's words resonate more than ever. The King Center in Atlanta is developing a curriculum to help law enforcement officers respect people's humanity while carrying out their duties. Bernice King encourages people to look inward and participate in service projects to honor her father's legacy and work towards a more just and equitable society.[NEW_LINE][NEW_LINE]The article concludes by emphasizing the progress made by the civil rights movement and the need to continue advancing these values year by year.",Black Voices,https://apnews.com/article/mlk-holiday-bernice-king-a35864c47b88ab40254f45232a7568f6
3,Taiwan detains journalist for allegedly bribing military officers to provide information to China | AP News,A journalist in Taiwan was detained on allegations of bribing army officers to provide military information to mainland China[COMMA] as the self-governing island cracks down on potential Beijing infiltration.,A Taiwanese journalist[COMMA] identified as Lin[COMMA] was detained on Saturday for allegedly bribing military officers to provide information to people from mainland China. This incident is part of Taiwan's efforts to crack down on potential infiltration from Beijing. The Qiaotou District Prosecutors Office stated that a district court ordered the detention of Lin and five current and retired military officers. CTi TV[COMMA] another media outlet[COMMA] reported that one of its reporters[COMMA] Lin Chen-you[COMMA] was also detained[COMMA] but it was not aware of the case details. The prosecutors accuse Lin of paying bribes ranging from several thousand to tens of thousands of Taiwan dollars to military officers in exchange for their information. The case is part of a broader investigation into violations of Taiwan's national security and corruption laws. Taiwan regularly prosecutes espionage cases within the government and military[COMMA] but allegations against journalists are unusual. The incident comes amid rising tensions between China and Taiwan[COMMA] including increased military exercises by China and recent arms sales to Taiwan by the U.S.,World News,https://apnews.com/article/taiwan-national-security-journalist-cti-78a8064cc0efa1cf1644ef0676329293
4,Yemeni politicians meet in Saudi Arabia to discuss southern Yemen's future | AP News,Yemeni politicians met in Saudi Arabia to discuss the future of southern Yemen following the dissolution of the separatist Southern Transitional Council[COMMA] amid ongoing conflict with Iran-backed Houthi rebels.,Yemeni politicians met in Riyadh[COMMA] Saudi Arabia[COMMA] on Sunday to discuss the future of southern Yemen following the dissolution of the Southern Transitional Council (STC)[COMMA] a separatist group backed by the UAE. The meeting[COMMA] which took place before a Saudi-sponsored conference[COMMA] aimed to address the demands of the separatists ahead of the conference[COMMA] whose dates have not been announced. The conflict in Yemen[COMMA] rooted in the 2014 Houthi takeover of the capital[COMMA] Sanaa[COMMA] involves complex sectarian and tribal issues and regional power dynamics. The STC[COMMA] established in 2017[COMMA] sought to restore South Yemen as an independent state[COMMA] and its dissolution has led to tensions between Saudi Arabia and the UAE. The meeting included members of the STC leadership who had been in Riyadh for about two weeks[COMMA] aiming to refute claims of their kidnapping and to receive support from Saudi officials.,World News,https://apnews.com/article/yemen-war-stc-saudi-arabia-uae-b1883db14e968792455f029d20cf53ca
5,Israel objects to US announcement of leaders who will help oversee next steps in Gaza | AP News,Israel criticizes the White House's announcement of leaders for the Gaza ceasefire[COMMA] stating the Gaza executive committee was not coordinated with Israel and is contrary to its policy[COMMA] while the committee includes no Israeli officials and has members from several Middle Eastern governments.,The article discusses Israel's criticism of the White House's announcement of leaders to oversee the next steps in Gaza following the ceasefire. The Israeli government objected[COMMA] stating that the Gaza executive committee was not coordinated with Israel and was contrary to its policy. The committee[COMMA] announced by the White House[COMMA] includes no Israeli officials but has members like billionaire Yakir Gabay[COMMA] a U.S. businessman. The executive committee's members include U.S. Secretary of State Marco Rubio[COMMA] former British Prime Minister Tony Blair[COMMA] and other international figures. Israel's Prime Minister Benjamin Netanyahu has urged the foreign ministry to contact Rubio. The Palestinian committee[COMMA] announced by the White House[COMMA] includes a diplomat from Qatar[COMMA] an Egyptian intelligence chief[COMMA] and Turkey's foreign minister[COMMA] all of whom are ceasefire mediators. Hamas[COMMA] which controls Gaza[COMMA] has expressed dissatisfaction with the executive committee's makeup and has not shown signs of disarming its military. The ceasefire[COMMA] which took effect on October 10[COMMA] is in its second phase[COMMA] involving the new Palestinian committee[COMMA] an international security force[COMMA] and disarmament of Hamas. The war has been the deadliest between Israel and Hamas[COMMA] with over 71[COMMA]400 Palestinians killed since October 7[COMMA] 2023.,Politics,https://apnews.com/article/israel-white-housoe-gaza-next-steps-17579d16219d79982e48556d85a47e81
6,Iraqi army fully takes over key base following US withdrawal | AP News,U.S. forces have fully withdrawn from an air base in western Iraq as part of an agreement with the Iraqi government[COMMA] marking the end of a U.S.-led coalition's efforts against the Islamic State group by September 2025.,U.S. forces have fully withdrawn from an air base in western Iraq as part of an agreement with the Iraqi government[COMMA] marking the end of a U.S.-led coalition's fight against the Islamic State group by September 2025. However[COMMA] a small unit of U.S. military advisers and support personnel remained[COMMA] with the agreement originally stipulating a full withdrawal. Iraqi Prime Minister Mohammed Shia al-Sudani announced the agreement in October[COMMA] but developments in Syria necessitated maintaining a small unit at the base. All U.S. personnel have since departed. The Iraqi Army took control of the base[COMMA] with Lt. Gen. Abdul Amir Rashid Yarallah overseeing the transition. The withdrawal could strengthen the government's position in discussions about disarmament of non-state armed groups. U.S. forces have also maintained a presence in the Kurdish region and neighboring Syria.,World News,https://apnews.com/article/iraq-us-ain-assad-troops-withdraw-coalition-3da685f80b49fe2c33a430958e36f771
7,"Broncos reach AFC title game after 33-30 win over Bills, but lose Nix for season with ankle injury | AP News",The Denver Broncos secured their biggest win in a decade against the Buffalo Bills[COMMA] led by Josh Allen[COMMA] but suffered a significant loss in the process[COMMA] including an injury to their star quarterback Bo Nix. Nix's injury led to a last-minute field,The Denver Broncos secured their biggest win in a decade with a 33-30 victory over the Buffalo Bills[COMMA] thanks to Josh Allen. However[COMMA] this win came at a significant cost[COMMA] as backup quarterback Bo Nix suffered a severe ankle injury during the game. Nix's injury ended his season and forced him to have surgery the next day. Despite the win[COMMA] the Broncos' season is over[COMMA] and they will now face the AFC championship game against either New England or Houston. Backup QB Jarrett Stidham will start for Nix. The Broncos' defense[COMMA] led by nickel back Ja'Quan McMillian[COMMA] was crucial in the game[COMMA] intercepting the Bills' deep pass in overtime. The game-winning drive came after Nix's injury[COMMA] and the Broncos will now face their first playoff loss in a decade.,Sports,https://apnews.com/article/denver-broncos-buffalo-bills-score-playoffs-06db9c892a27dd854e25ece79d4671f1
8,Harry Styles new album details: What we know | AP News,"Harry Styles' new album[COMMA] ""Kiss All the Time. Disco[COMMA] Occasionally[COMMA]"" is set to release on March 6[COMMA] marking Styles' first full-length project in four years.","Harry Styles has announced that his long-awaited[COMMA] fourth studio album[COMMA] titled ""Kiss All the Time. Disco[COMMA] Occasionally[COMMA]"" will be released this spring[COMMA] on March 6. This album marks Styles' first full-length project in four years and follows his 2022 critically acclaimed synth pop album[COMMA] ""Harry's House[COMMA]"" which won the top prize of album of the year at the 2023 Grammy Awards. The album features 12 tracks and is executive produced by Kid Harpoon. The cover artwork for ""Kiss All the Time. Disco[COMMA] Occasionally"" shows Styles in a T-shirt and jeans at night[COMMA] under a disco ball. The album's release comes after Styles' former One Direction bandmate[COMMA] Liam Payne[COMMA] died in 2024.",Entertainment,https://apnews.com/article/harry-styles-new-album-kiss-music-f2855ee38815c698f101dfb5bcfc0c03
9,There's more to the story of these sweaters than family-run businesses | AP News,A small family-run business[COMMA] Melia & Co.[COMMA] and an online boutique[COMMA] Olivia Westwood Boutique[COMMA] both face potential scams despite their charming backstories[COMMA] with similar stock images and questionable origins. Both businesses have received negative reviews and are under scrutiny for,Melia & Co. and Olivia Westwood Boutique are small[COMMA] family-run businesses selling handmade sweaters online. Despite their charming backstories[COMMA] both companies have faced significant scrutiny. Their websites feature similar stock images and identical product offerings[COMMA] raising suspicions. Reviews on consumer sites like Trustpilot highlight issues with product quality and customer service. Both companies have been accused of using AI-generated images and falsifying their histories. Experts advise shoppers to verify details such as the company's base and owner[COMMA] check for third-party reviews[COMMA] and verify the domain registration. Despite these precautions[COMMA] there's always a risk of falling for scams. The article emphasizes the importance of being cautious and doing research before making a purchase.,Business,https://apnews.com/article/online-shopping-scam-small-business-ai-2b83cb87d450f22ac0211bfa52ee7b7f
